{"epoch": 100, "loss": 0.0003834631643258035, "val_loss": 0.0003548546810634434, "_timestamp": 1717178754.101755, "_runtime": 217.77079391479492, "_step": 100, "train_rmse": 2.386780695612556, "test_rmse": 2.997232775798829, "_wandb": {"runtime": 220}}